<publishData>
  <publishTarget publishUrl="C:\Users\ronnie\Desktop\Test\">
    <file relUrl="Views/User/RetrieveLostAccountInfoSucceeded.aspx" publishTime="05/04/2008 11:50:21" />
    <file relUrl="Views/User/UserMacs.ascx" publishTime="04/16/2008 20:41:04" />
    <file relUrl="bin/.svn/text-base/System.Web.Mvc.dll.svn-base" publishTime="04/16/2008 20:41:05" />
    <file relUrl="Views/User/Create.aspx" publishTime="04/16/2008 20:41:04" />
    <file relUrl="Web.config" publishTime="06/21/2008 19:41:01" />
    <file relUrl="Views/User/DeactivateUser.aspx" publishTime="06/01/2008 10:49:09" />
    <file relUrl="bin/System.Web.Abstractions.dll" publishTime="04/16/2008 20:41:05" />
    <file relUrl="Views/User/Validate.aspx" publishTime="04/16/2008 20:41:04" />
    <file relUrl="bin/System.Web.Mvc.dll" publishTime="04/16/2008 20:41:05" />
    <file relUrl="bin/.svn/text-base/System.Web.Abstractions.dll.svn-base" publishTime="04/16/2008 20:41:05" />
    <file relUrl="Views/User/Login.aspx" publishTime="06/22/2008 14:16:55" />
    <file relUrl="Views/User/RetrieveLostAccountInfo.aspx" publishTime="05/04/2008 12:36:34" />
    <file relUrl="Views/Shared/Site.Master" publishTime="06/15/2008 20:43:31" />
    <file relUrl="bin/.svn/text-base/System.Web.Routing.dll.svn-base" publishTime="04/16/2008 20:41:05" />
    <file relUrl="bin/Filosofparken.pdb" publishTime="08/30/2008 18:44:24" />
    <file relUrl="bin/Filosofparken.dll" publishTime="08/30/2008 18:44:24" />
    <file relUrl="bin/.svn/prop-base/System.Web.Abstractions.dll.svn-base" publishTime="04/16/2008 20:41:05" />
    <file relUrl="bin/.svn/format" publishTime="04/16/2008 20:41:05" />
    <file relUrl="bin/.svn/all-wcprops" publishTime="04/16/2008 20:41:05" />
    <file relUrl="bin/.svn/prop-base/System.Web.Routing.dll.svn-base" publishTime="04/16/2008 20:41:05" />
    <file relUrl="bin/.svn/entries" publishTime="06/07/2008 18:37:48" />
    <file relUrl="Views/User/Edit.aspx" publishTime="06/01/2008 10:33:06" />
    <file relUrl="Global.asax" publishTime="04/16/2008 20:41:05" />
    <file relUrl="Views/Web.config" publishTime="04/16/2008 20:41:04" />
    <file relUrl="Default.aspx" publishTime="04/16/2008 20:41:05" />
    <file relUrl="bin/.svn/prop-base/System.Web.Mvc.dll.svn-base" publishTime="04/16/2008 20:41:05" />
    <file relUrl="Views/Home/Index.aspx" publishTime="05/01/2008 12:26:25" />
    <file relUrl="Content/Site.css" publishTime="04/16/2008 20:41:05" />
    <file relUrl="Views/User/UserInput.ascx" publishTime="06/22/2008 14:29:12" />
    <file relUrl="Views/User/CreateSucceeded.aspx" publishTime="04/16/2008 20:41:04" />
    <file relUrl="bin/System.Web.Routing.dll" publishTime="04/16/2008 20:41:05" />
  </publishTarget>
</publishData>